4.49.183.33,SERVER
4.53.244.105,background scanner
4.96.159.133,SERVER
4.96.161.136,SERVER
4.106.74.91,SERVER
4.146.73.200,SERVER
4.154.122.20,SERVER
4.154.123.169,SERVER
5.55.217.156,SERVER
5.73.243.222,SERVER
5.138.226.113,SERVER
5.138.226.157,SERVER
5.162.82.21,SERVER
5.194.194.140,SERVER
5.222.198.64,SERVER
5.238.222.207,SERVER
6.69.214.69,SERVER
6.91.253.18,SERVER
6.91.253.204,SERVER
6.103.114.124,SERVER
6.132.173.128,SERVER
6.156.172.205,SERVER
6.199.165.173,SERVER
7.35.22.195,SERVER
7.65.208.151,SERVER
7.67.69.105,SERVER
7.81.26.13,SERVER
7.112.113.184,SERVER
7.125.15.185,SERVER
7.177.157.90,SERVER
7.177.157.240,SERVER
7.217.217.95,SERVER
8.101.153.162,SERVER
8.115.187.192,SERVER
8.208.35.62,SERVER
8.212.3.10,SERVER
8.212.3.174,SERVER
8.223.72.120,SERVER
9.18.14.195,SERVER
9.22.152.35,SERVER
9.33.217.182,SERVER
9.34.222.30,SERVER
9.34.222.121,SERVER
9.40.72.59,SERVER
9.40.72.204,SERVER
9.49.225.110,SERVER
9.49.225.168,SERVER
9.49.226.30,SERVER
9.135.196.37,SERVER
9.151.67.10,SERVER
9.243.169.120,SERVER
9.243.169.232,SERVER
10.1.99.173,SERVER
10.19.34.124,SERVER
10.33.206.162,SERVER
10.59.171.140,SERVER
10.66.180.143,SERVER
10.116.123.129,SERVER
10.116.123.193,SERVER
10.127.243.56,SERVER
10.157.108.162,SERVER
11.43.113.213,SERVER
11.58.218.26,SERVER
11.58.218.92,SERVER
11.64.117.51,SERVER
11.113.117.236,SERVER
11.113.118.110,SERVER
11.127.135.74,SERVER
11.127.135.191,SERVER
11.182.192.43,SERVER
11.192.10.171,SERVER
12.12.85.116,SERVER
12.120.97.131,
12.209.35.177,SERVER
12.221.70.128,SERVER
12.224.194.108,SERVER
13.9.43.13,SERVER
13.38.4.30,SERVER
13.103.200.149,SERVER
13.106.219.199,SERVER
13.121.162.186,SERVER
13.122.214.24,SERVER
13.122.214.215,SERVER
13.143.53.57,SERVER
13.221.197.28,SERVER
13.226.99.37,SERVER
13.226.159.129,SERVER
14.22.86.131,SERVER
14.53.22.56,SERVER
14.55.69.157,SERVER
14.239.61.221,SERVER
15.71.52.149,SERVER
15.71.52.174,SERVER
15.71.52.195,SERVER
15.77.169.64,SERVER
15.93.248.84,SERVER
15.193.179.126,SERVER
15.206.29.14,SERVER
15.245.3.196,SERVER
15.245.6.37,SERVER
16.51.148.107,SERVER
16.87.202.157,SERVER
16.110.232.150,SERVER
16.110.232.194,SERVER
16.113.206.117,SERVER
16.229.102.109,SERVER
17.6.181.87,SERVER
17.22.167.95,background scanner
17.24.97.51,SERVER
17.68.161.147,SERVER
17.80.239.141,SERVER
17.80.240.18,SERVER
17.91.75.83,SERVER
17.119.7.218,SERVER
17.167.97.31,SERVER
17.237.108.193,SERVER
18.24.28.35,SERVER
18.60.177.101,SERVER
18.69.207.92,SERVER
18.93.20.81,SERVER
18.94.88.181,SERVER
18.129.186.201,SERVER
18.178.7.212,SERVER
18.222.25.231,SERVER
19.8.123.64,SERVER
19.10.30.146,SERVER
19.45.137.75,SERVER
19.131.254.182,SERVER
19.164.213.158,SERVER
20.2.38.186,SERVER
20.8.123.123,SERVER
20.9.0.146,SERVER
20.9.200.62,SERVER
20.115.188.61,SERVER
20.115.222.210,SERVER
20.121.176.39,SERVER
20.121.176.228,SERVER
20.203.246.94,SERVER
21.1.137.112,SERVER
21.4.181.128,SERVER
21.22.9.21,SERVER
21.25.109.70,SERVER
21.63.35.222,SERVER
21.167.42.30,SERVER
21.184.174.11,SERVER
21.199.235.71,SERVER
21.199.237.55,SERVER
21.199.238.37,SERVER
21.238.59.220,SERVER
21.248.203.86,SERVER
21.250.50.63,SERVER
22.1.166.105,SERVER
22.18.213.187,SERVER
22.25.81.115,SERVER
22.148.223.157,SERVER
22.152.143.55,SERVER
22.237.227.24,SERVER
22.237.227.219,SERVER
22.237.228.194,SERVER
22.237.228.202,SERVER
23.54.113.83,SERVER
23.82.14.240,SERVER
23.90.43.164,SERVER
23.90.217.198,SERVER
23.185.57.164,SERVER
23.216.88.92,SERVER
23.216.88.195,SERVER
23.216.88.203,SERVER
24.3.173.146,SERVER
24.33.213.52,SERVER
24.73.33.145,SERVER
24.99.240.111,SERVER
24.99.241.171,SERVER
24.111.13.68,SERVER
24.164.85.206,SERVER
24.223.88.32,SERVER
24.230.76.211,SERVER
25.246.205.233,SERVER
26.5.86.86,SERVER
26.6.191.175,SERVER
26.34.197.125,SERVER
26.126.104.139,SERVER
26.155.188.211,SERVER
26.155.189.51,SERVER
26.157.49.121,SERVER
26.176.172.122,SERVER
26.184.133.164,SERVER
26.243.223.168,SERVER
26.249.181.149,SERVER
26.249.181.191,SERVER
26.253.57.31,SERVER
27.17.127.92,SERVER
27.17.127.176,SERVER
27.17.127.203,SERVER
27.30.238.156,SERVER
27.37.98.174,SERVER
27.78.145.127,SERVER
27.78.145.195,SERVER
27.155.247.155,SERVER
27.244.101.162,SERVER
27.244.101.223,SERVER
27.245.182.148,SERVER
27.253.10.13,SERVER
28.1.19.93,SERVER
28.1.19.188,SERVER
28.1.19.233,SERVER
28.6.138.176,SERVER
28.39.189.60,SERVER
28.39.189.88,SERVER
28.71.100.73,SERVER
28.89.179.108,SERVER
28.91.179.126,SERVER
28.91.179.159,SERVER
28.132.211.64,SERVER
28.132.211.225,SERVER
28.136.179.222,SERVER
28.142.58.115,SERVER
28.157.29.129,SERVER
28.163.164.236,SERVER
28.178.117.167,SERVER
28.188.52.109,SERVER
28.200.52.95,SERVER
29.4.66.228,SERVER
29.26.133.99,SERVER
29.26.133.187,SERVER
29.49.183.157,SERVER
29.49.183.187,SERVER
29.76.27.77,SERVER
29.107.29.75,SERVER
29.137.139.98,SERVER
29.137.140.124,SERVER
29.137.141.205,SERVER
30.46.233.32,SERVER
30.107.155.216,SERVER
30.131.178.214,SERVER
30.151.140.114,SERVER
30.153.93.223,SERVER
30.171.169.88,SERVER
31.21.48.58,SERVER
31.61.186.84,SERVER
31.95.3.211,SERVER
31.117.81.55,SERVER
31.129.149.22,SERVER
31.138.108.139,SERVER
31.138.108.143,SERVER
31.138.108.216,SERVER
31.138.111.152,SERVER
31.199.164.144,SERVER
32.14.154.69,SERVER
32.48.44.76,SERVER
32.48.44.152,SERVER
32.78.33.138,SERVER
32.89.19.101,SERVER
32.98.40.80,SERVER
32.100.7.193,SERVER
32.104.202.167,SERVER
32.104.202.225,SERVER
32.146.63.89,SERVER
32.146.64.41,SERVER
32.214.211.143,SERVER
32.214.213.165,SERVER
33.1.215.78,SERVER
33.65.112.13,SERVER
33.116.126.37,SERVER
33.147.214.91,SERVER
33.199.221.178,SERVER
33.225.106.136,SERVER
34.9.130.165,SERVER
34.12.62.167,SERVER
34.33.251.44,SERVER
34.33.251.56,SERVER
34.35.36.43,SERVER
34.53.39.117,SERVER
34.86.54.156,SERVER
34.168.6.209,background scanner
34.212.200.70,SERVER
34.248.168.10,SERVER
34.248.168.71,SERVER
34.249.85.79,SERVER
35.62.11.16,SERVER
35.102.159.10,SERVER
35.127.179.164,SERVER
35.127.179.207,SERVER
35.142.180.219,SERVER
35.157.59.45,SERVER
35.157.59.181,SERVER
35.241.17.153,SERVER
36.6.100.150,background scanner
36.6.100.170,background attacker
36.67.91.214,SERVER
36.100.89.60,SERVER
36.123.235.206,SERVER
36.137.163.209,SERVER
36.137.163.225,SERVER
36.165.172.174,SERVER
36.189.103.54,SERVER
37.112.200.84,SERVER
37.115.181.48,SERVER
37.200.171.90,background scanner
37.254.57.96,SERVER
37.254.150.75,SERVER
38.14.161.17,SERVER
38.14.161.214,SERVER
38.17.217.226,SERVER
38.65.97.104,SERVER
38.112.248.47,SERVER
38.112.249.127,SERVER
38.171.107.134,SERVER
38.185.92.212,SERVER
38.208.22.126,SERVER
38.243.106.167,SERVER
38.243.106.189,SERVER
39.3.213.18,SERVER
39.26.105.235,SERVER
39.30.163.110,SERVER
39.117.9.236,SERVER
39.153.144.15,SERVER
39.171.93.60,SERVER
40.11.213.19,SERVER
40.26.223.160,SERVER
40.97.125.231,SERVER
40.132.138.80,SERVER
40.159.193.52,SERVER
40.159.193.232,SERVER
40.161.171.76,SERVER
40.161.171.174,SERVER
40.216.69.21,SERVER
40.218.204.169,SERVER
40.219.61.25,ATTACKER
40.229.129.74,SERVER
41.5.28.224,SERVER
41.46.202.56,SERVER
41.63.192.47,SERVER
41.101.248.15,SERVER
41.101.248.58,SERVER
41.123.23.66,SERVER
41.158.52.236,SERVER
41.158.245.131,SERVER
41.158.246.51,SERVER
41.210.185.155,SERVER
42.24.157.146,SERVER
42.57.175.80,SERVER
42.97.38.179,SERVER
42.120.198.140,SERVER
42.152.69.88,SERVER
42.162.232.150,SERVER
42.162.232.238,SERVER
42.240.189.151,SERVER
43.15.130.36,SERVER
43.15.130.143,SERVER
43.154.80.116,SERVER
43.191.165.10,SERVER
43.208.133.49,SERVER
44.61.129.179,SERVER
44.61.130.97,SERVER
44.61.131.98,SERVER
44.77.34.153,SERVER
44.88.79.80,SERVER
44.88.184.32,SERVER
44.122.200.42,SERVER
44.140.172.15,SERVER
44.157.88.84,background attacker
44.169.106.84,SERVER
44.201.93.51,SERVER
44.201.94.91,SERVER
44.202.137.58,SERVER
44.202.137.214,SERVER
44.202.137.234,SERVER
44.202.139.14,SERVER
44.202.139.159,SERVER
44.202.139.193,SERVER
44.221.178.82,SERVER
44.239.195.137,SERVER
44.239.196.145,SERVER
45.16.162.91,SERVER
45.18.7.48,SERVER
45.40.205.44,SERVER
45.50.135.105,SERVER
45.83.110.71,SERVER
45.106.211.208,SERVER
45.116.103.154,SERVER
45.127.91.225,SERVER
45.135.0.229,SERVER
45.145.179.30,SERVER
45.183.244.171,SERVER
45.216.226.41,SERVER
45.236.130.134,SERVER
45.250.184.50,SERVER
46.27.120.38,SERVER
46.27.122.33,SERVER
46.57.79.166,SERVER
46.83.11.50,SERVER
46.97.184.201,background scanner
46.101.140.47,SERVER
46.106.17.51,SERVER
46.106.17.179,SERVER
46.117.25.37,SERVER
46.174.66.185,SERVER
46.197.149.75,SERVER
46.200.99.125,SERVER
46.222.243.123,SERVER
46.222.243.182,SERVER
47.36.70.237,SERVER
47.87.220.108,SERVER
47.87.220.124,SERVER
47.119.92.211,SERVER
47.119.93.45,SERVER
47.156.236.86,SERVER
47.165.70.66,SERVER
47.188.52.63,SERVER
48.15.38.131,SERVER
48.15.38.159,SERVER
48.15.38.212,SERVER
48.43.97.137,SERVER
48.49.223.211,background scanner
48.103.25.226,SERVER
48.121.41.240,SERVER
48.158.250.155,SERVER
48.201.17.141,SERVER
49.38.17.115,SERVER
49.51.71.227,SERVER
49.51.72.195,SERVER
49.103.24.175,SERVER
49.118.180.47,SERVER
49.124.217.177,SERVER
49.124.217.240,SERVER
49.130.77.217,SERVER
49.133.249.125,SERVER
49.133.249.189,SERVER
49.133.249.233,SERVER
49.228.247.162,SERVER
49.228.248.236,SERVER
49.234.124.25,SERVER
49.247.58.174,SERVER
49.247.59.74,SERVER
50.1.254.185,SERVER
50.59.25.96,SERVER
50.97.66.140,SERVER
50.162.116.53,SERVER
50.208.223.231,SERVER
50.212.215.203,SERVER
50.223.131.27,SERVER
50.238.107.173,SERVER
50.246.113.96,SERVER
50.246.115.172,SERVER
51.24.230.102,SERVER
51.24.231.71,SERVER
51.25.251.41,SERVER
51.75.76.49,SERVER
51.86.19.191,SERVER
51.91.57.206,background attacker
51.116.253.50,SERVER
51.131.44.125,SERVER
51.146.14.39,SERVER
51.227.124.232,
51.251.22.24,background scanner
51.251.24.39,background scanner
52.2.243.223,SERVER
52.98.53.208,SERVER
52.113.79.57,SERVER
52.122.84.82,SERVER
52.171.39.168,SERVER
52.184.93.163,SERVER
52.197.126.95,SERVER
52.253.208.76,SERVER
53.24.162.200,SERVER
53.68.88.13,SERVER
53.82.20.53,SERVER
53.82.21.72,background scanner
53.146.76.52,SERVER
53.146.76.123,SERVER
53.177.199.152,SERVER
53.210.134.171,SERVER
53.218.68.53,SERVER
53.254.95.120,SERVER
54.10.253.104,SERVER
54.39.139.136,SERVER
54.55.130.147,SERVER
54.61.139.163,SERVER
54.68.194.149,SERVER
54.69.91.83,SERVER
54.149.49.42,SERVER
54.175.249.102,SERVER
54.186.160.56,SERVER
54.215.9.156,SERVER
55.26.14.174,SERVER
55.43.153.105,SERVER
55.44.143.189,SERVER
55.44.145.201,SERVER
55.54.182.112,SERVER
55.64.63.144,SERVER
55.106.49.206,SERVER
55.118.206.131,SERVER
55.176.97.132,SERVER
55.236.147.125,SERVER
56.46.4.156,SERVER
56.46.4.228,SERVER
56.49.55.189,SERVER
56.56.22.109,SERVER
56.64.11.110,SERVER
56.89.33.130,SERVER
56.90.124.73,SERVER
56.150.39.208,SERVER
56.164.162.99,SERVER
56.167.28.92,SERVER
56.183.18.190,SERVER
56.205.150.11,background scanner
56.231.83.115,SERVER
56.231.83.240,SERVER
57.80.110.95,SERVER
57.80.110.158,SERVER
57.107.116.238,SERVER
57.111.105.84,SERVER
57.152.140.97,SERVER
58.15.13.205,SERVER
58.37.180.17,SERVER
58.37.180.100,SERVER
58.49.176.197,SERVER
58.57.234.76,SERVER
58.63.106.161,SERVER
58.78.162.142,SERVER
58.78.162.226,SERVER
58.126.224.66,SERVER
58.166.102.94,SERVER
58.174.103.132,SERVER
58.216.25.224,SERVER
58.238.31.178,SERVER
58.238.31.196,SERVER
59.18.128.28,SERVER
59.60.178.11,SERVER
59.60.178.114,SERVER
59.187.73.158,SERVER
59.200.161.17,SERVER
59.200.161.52,SERVER
59.209.146.97,SERVER
59.215.48.230,SERVER
59.215.49.127,SERVER
59.226.205.32,SERVER
60.58.182.56,SERVER
60.70.123.150,SERVER
60.71.142.116,SERVER
60.82.95.65,SERVER
60.107.19.99,SERVER
60.135.155.217,SERVER
60.155.250.99,SERVER
60.155.250.207,background scanner
60.173.79.129,SERVER
60.202.5.63,SERVER
60.203.234.77,SERVER
60.216.91.126,SERVER
60.229.181.92,SERVER
60.238.200.46,SERVER
61.201.59.206,SERVER
61.207.56.117,SERVER
61.211.3.40,SERVER
61.211.3.152,SERVER
61.214.218.149,SERVER
61.228.89.130,SERVER
62.32.3.223,SERVER
62.39.143.93,SERVER
62.47.143.24,SERVER
62.80.50.240,SERVER
62.149.23.236,SERVER
62.163.57.23,SERVER
62.170.177.178,SERVER
62.208.49.80,SERVER
63.2.90.211,SERVER
63.14.98.77,SERVER
63.81.42.76,SERVER
63.81.44.186,SERVER
63.114.14.76,SERVER
63.123.62.225,SERVER
63.249.193.44,SERVER
63.249.193.174,SERVER
64.5.141.75,SERVER
64.22.155.123,SERVER
64.22.156.101,SERVER
64.134.88.16,SERVER
64.193.117.112,SERVER
64.235.99.121,SERVER
64.235.100.16,SERVER
64.235.100.36,SERVER
64.235.101.220,SERVER
64.235.102.159,SERVER
64.242.211.236,SERVER
65.88.139.84,SERVER
65.98.96.22,SERVER
65.132.76.14,SERVER
65.180.161.189,SERVER
65.207.138.88,SERVER
65.226.204.93,SERVER
66.7.130.21,
66.24.177.133,SERVER
66.24.178.214,SERVER
66.31.212.75,SERVER
66.144.178.181,SERVER
66.152.217.65,SERVER
66.152.217.166,SERVER
66.152.217.239,SERVER
66.166.168.239,SERVER
66.181.30.235,SERVER
66.207.213.121,SERVER
66.215.162.99,SERVER
66.242.109.65,SERVER
66.245.28.38,SERVER
66.245.29.169,SERVER
66.245.29.224,SERVER
67.11.128.160,
67.44.99.80,SERVER
67.87.104.80,SERVER
67.100.146.104,SERVER
67.100.146.146,SERVER
67.102.43.100,SERVER
67.154.229.92,SERVER
67.230.197.17,SERVER
67.245.35.125,SERVER
69.18.137.156,SERVER
69.24.17.77,SERVER
69.24.17.181,SERVER
69.31.227.14,SERVER
69.31.227.78,SERVER
69.31.227.113,SERVER
69.50.209.86,SERVER
69.59.96.127,SERVER
69.59.96.129,SERVER
69.59.96.200,SERVER
69.63.220.133,SERVER
69.127.164.64,SERVER
69.127.164.183,SERVER
69.127.165.118,SERVER
69.140.199.133,background scanner
69.166.122.54,SERVER
69.180.98.149,SERVER
69.180.140.10,SERVER
69.180.140.91,SERVER
69.208.107.180,SERVER
70.47.166.89,SERVER
70.68.133.38,SERVER
70.84.201.146,SERVER
70.87.124.56,SERVER
70.96.62.21,SERVER
70.151.181.82,SERVER
70.151.181.90,SERVER
70.152.18.136,SERVER
70.169.86.204,SERVER
70.184.213.145,SERVER
70.210.205.191,SERVER
70.210.205.197,SERVER
70.217.61.29,SERVER
70.237.176.43,SERVER
70.242.78.21,background scanner
70.242.78.230,SERVER
71.16.59.31,SERVER
71.102.224.19,SERVER
71.102.224.218,SERVER
71.104.193.198,SERVER
71.104.193.212,SERVER
71.129.134.19,SERVER
71.129.135.79,SERVER
71.151.21.69,SERVER
71.221.94.96,SERVER
71.221.94.206,SERVER
72.20.247.43,SERVER
72.36.169.171,SERVER
72.111.145.34,SERVER
72.126.227.110,SERVER
72.201.12.84,SERVER
72.224.126.45,SERVER
72.226.121.103,SERVER
73.30.142.214,SERVER
73.57.6.177,SERVER
73.70.190.126,SERVER
73.76.250.87,SERVER
73.95.20.126,SERVER
73.105.135.182,SERVER
73.168.155.62,SERVER
73.217.123.137,SERVER
73.240.159.101,SERVER
74.123.66.240,SERVER
74.149.16.72,SERVER
74.179.19.58,SERVER
74.187.253.184,SERVER
74.205.114.207,background scanner
74.219.85.115,SERVER
74.219.85.210,SERVER
74.240.26.10,SERVER
74.244.150.94,SERVER
74.244.151.16,SERVER
74.249.74.128,SERVER
74.252.29.143,SERVER
74.252.29.233,SERVER
74.252.29.235,SERVER
74.253.73.207,SERVER
75.4.98.115,SERVER
75.9.179.183,SERVER
75.42.90.222,SERVER
75.76.122.82,SERVER
75.76.122.231,SERVER
75.76.123.127,SERVER
75.151.13.80,SERVER
75.170.194.42,SERVER
75.217.29.234,SERVER
76.3.159.149,SERVER
76.18.180.227,SERVER
76.26.170.58,SERVER
76.47.150.57,SERVER
76.47.150.145,SERVER
76.73.221.25,SERVER
76.73.221.227,SERVER
76.100.13.149,SERVER
76.100.14.83,SERVER
76.100.14.84,SERVER
76.125.34.193,SERVER
76.137.210.172,SERVER
76.142.204.133,SERVER
77.5.72.198,SERVER
77.85.70.75,SERVER
77.85.103.157,SERVER
77.97.59.220,SERVER
77.147.209.123,SERVER
77.192.7.146,SERVER
77.207.107.91,SERVER
77.228.74.238,SERVER
77.230.97.216,SERVER
78.17.161.89,SERVER
78.96.109.179,SERVER
78.96.214.157,SERVER
78.186.125.230,SERVER
78.216.215.164,SERVER
79.3.81.202,SERVER
79.49.142.40,SERVER
79.65.198.98,SERVER
79.80.55.65,SERVER
79.80.55.133,SERVER
79.121.58.99,SERVER
79.239.234.37,SERVER
80.15.202.91,SERVER
80.28.243.129,SERVER
80.96.247.87,SERVER
80.131.199.153,SERVER
80.131.200.18,SERVER
80.131.200.105,SERVER
80.131.201.157,SERVER
80.138.161.15,SERVER
80.202.105.237,SERVER
80.217.173.55,SERVER
80.217.174.208,SERVER
80.232.107.67,SERVER
80.244.234.223,SERVER
80.244.234.224,SERVER
81.5.135.159,SERVER
81.5.136.193,SERVER
81.89.37.233,SERVER
81.89.130.107,SERVER
81.97.199.73,SERVER
81.105.199.51,SERVER
81.111.29.206,SERVER
81.135.16.193,SERVER
81.149.195.196,SERVER
82.10.79.44,SERVER
82.66.20.237,SERVER
82.92.247.219,SERVER
82.173.86.101,SERVER
82.185.190.71,SERVER
82.215.185.143,SERVER
82.215.186.29,SERVER
82.239.248.66,SERVER
83.1.21.90,SERVER
83.17.42.173,SERVER
83.48.130.64,SERVER
83.59.57.220,SERVER
83.93.139.23,SERVER
83.95.195.157,SERVER
83.110.170.92,SERVER
83.113.28.236,SERVER
83.122.162.141,SERVER
83.142.130.184,SERVER
83.157.214.83,SERVER
83.187.201.19,SERVER
83.236.112.33,SERVER
83.245.85.30,
84.8.243.126,SERVER
84.8.243.214,SERVER
84.8.243.222,SERVER
84.37.77.78,SERVER
84.42.179.196,SERVER
84.51.204.103,SERVER
84.83.129.28,SERVER
84.83.129.56,SERVER
84.126.66.81,SERVER
84.126.66.129,SERVER
84.192.197.212,SERVER
84.194.113.92,SERVER
84.228.65.31,SERVER
84.252.234.86,SERVER
85.32.122.58,SERVER
85.64.234.126,SERVER
85.96.135.179,SERVER
85.131.199.199,SERVER
85.141.59.100,SERVER
85.227.119.138,SERVER
85.227.142.151,SERVER
85.240.198.62,SERVER
86.4.31.112,SERVER
86.4.32.174,SERVER
86.60.17.51,SERVER
86.60.227.92,SERVER
86.73.250.36,SERVER
86.78.31.167,SERVER
86.78.31.214,SERVER
86.104.68.225,SERVER
86.122.200.177,SERVER
86.122.201.96,SERVER
86.122.201.144,SERVER
86.164.229.128,SERVER
86.232.157.210,SERVER
87.18.97.43,SERVER
87.18.97.175,SERVER
87.109.114.24,SERVER
87.117.189.121,SERVER
87.191.224.159,SERVER
88.3.211.147,SERVER
88.5.137.136,SERVER
88.34.120.53,SERVER
88.42.197.193,SERVER
88.57.145.86,SERVER
88.142.249.83,SERVER
88.162.209.47,SERVER
88.226.10.68,SERVER
88.236.228.235,SERVER
89.44.100.101,client
89.44.100.103,client
89.44.100.109,client
89.44.100.113,client
89.44.100.114,client
89.44.100.124,client
89.44.200.4,SERVER
89.44.200.5,SERVER
89.100.39.221,SERVER
89.109.191.113,SERVER
89.148.19.187,SERVER
89.169.151.124,SERVER
90.43.186.41,SERVER
90.83.168.227,SERVER
90.83.168.238,SERVER
90.134.45.79,SERVER
90.134.45.183,SERVER
90.134.45.217,SERVER
90.165.177.216,SERVER
90.193.141.136,SERVER
90.193.142.123,SERVER
90.193.142.155,SERVER
90.241.205.51,SERVER
91.129.130.162,SERVER
91.129.134.30,SERVER
91.144.217.198,SERVER
91.170.163.125,SERVER
91.190.200.82,SERVER
91.190.200.157,SERVER
91.190.201.151,SERVER
91.213.135.56,SERVER
91.226.57.49,SERVER
92.6.40.4,SERVER
92.6.40.10,SERVER
92.6.85.101,client
92.6.85.103,client
92.6.85.106,client
92.6.85.108,client
92.6.85.110,client
92.6.85.111,client
92.6.85.115,client
92.6.85.116,client
92.6.85.122,client
92.84.217.43,background scanner
92.116.186.239,SERVER
92.148.146.83,SERVER
92.168.6.109,SERVER
92.172.242.196,SERVER
92.203.83.234,SERVER
92.223.36.36,SERVER
92.239.106.137,SERVER
92.239.106.239,SERVER
93.33.180.193,SERVER
93.65.197.201,SERVER
93.65.198.23,SERVER
93.119.86.184,SERVER
93.121.216.210,SERVER
93.184.142.120,SERVER
93.207.223.182,SERVER
93.210.117.133,SERVER
93.219.91.122,SERVER
94.24.138.210,SERVER
94.47.134.114,SERVER
94.47.134.130,SERVER
94.52.102.68,SERVER
94.126.63.89,SERVER
94.175.223.138,SERVER
94.187.155.174,SERVER
94.191.245.78,SERVER
94.209.159.181,SERVER
94.235.167.180,SERVER
94.248.5.101,SERVER
94.251.233.237,SERVER
95.40.232.162,SERVER
95.73.48.141,SERVER
95.89.162.232,SERVER
95.213.49.79,SERVER
95.222.69.191,SERVER
96.11.111.214,SERVER
96.60.85.20,SERVER
96.60.85.86,SERVER
96.78.91.76,SERVER
96.104.230.235,SERVER
96.155.66.238,SERVER
97.13.63.127,SERVER
97.13.63.145,SERVER
97.13.63.156,SERVER
97.17.41.23,SERVER
97.39.143.21,SERVER
97.39.145.236,SERVER
97.56.100.55,SERVER
97.56.100.235,SERVER
97.57.181.147,SERVER
97.93.67.227,SERVER
97.212.228.133,SERVER
97.229.220.20,SERVER
98.38.24.37,SERVER
98.126.144.24,SERVER
99.21.234.10,SERVER
99.49.142.221,SERVER
99.52.52.20,SERVER
99.124.88.51,SERVER
99.136.53.205,SERVER
99.140.203.73,SERVER
99.241.14.104,SERVER
100.1.1.254,
100.1.4.252,
100.1.4.254,
100.1.10.25,
100.1.10.100,SERVER
100.1.10.101,SERVER
100.1.21.16,client
100.1.21.28,client
100.1.21.52,client
100.1.21.53,client
100.1.21.97,client
100.1.21.108,client
100.1.21.127,client
100.1.21.129,
100.1.21.150,
100.1.21.164,client
100.1.21.185,client
100.1.21.197,client
100.1.21.216,client
100.1.22.20,client,SERVER
100.1.22.93,client
100.1.22.129,client
100.1.22.131,client
100.1.22.140,client
100.1.22.142,client
100.1.22.146,client
100.1.22.173,client
100.1.22.176,client
100.1.22.177,client
100.1.22.184,client
100.1.22.187,client
100.1.22.195,client
100.1.22.200,client
100.1.22.227,client
100.1.100.5,
100.1.100.19,client
100.1.100.27,client
100.1.100.94,client,SERVER
100.1.100.115,client,SERVER
100.1.100.189,client
100.1.100.219,
100.1.100.227,
100.1.100.255,
100.1.101.4,
100.1.101.5,
100.1.101.6,
100.1.101.7,
100.1.101.114,client
100.1.101.115,client
100.1.101.119,client
100.1.101.166,client
100.1.101.232,client
100.1.101.236,client,SERVER
100.5.5.5,client,SERVER
100.5.20.4,
100.5.55.214,
100.5.111.2,
100.5.111.3,
100.5.111.8,
100.5.111.9,client
100.5.111.10,client
100.5.111.12,client
100.5.111.14,client
100.5.111.17,client
100.5.111.28,client
100.5.111.31,
100.5.111.35,client
100.5.111.53,client
100.5.111.56,client
100.5.111.85,client
100.5.111.93,client,SERVER
100.5.111.109,client
100.5.111.110,client
100.5.111.127,client
100.5.111.148,client
100.5.111.151,client
100.5.111.157,client
100.5.111.159,client
100.5.111.166,client,SERVER
100.5.111.170,client
100.5.111.172,client
100.5.111.175,
100.5.111.182,client,SERVER
100.5.111.188,
100.5.111.203,client
100.5.111.204,client
100.5.111.207,client
100.5.111.208,client
100.5.111.224,client
100.5.111.248,client
100.5.111.254,client
100.10.1.45,
100.10.1.141,
100.10.1.170,
100.10.1.179,
100.10.20.0,
100.10.20.1,
100.10.20.2,
100.10.20.3,SERVER
100.10.20.4,SERVER
100.10.20.5,
100.10.20.6,SERVER
100.10.20.7,SERVER
100.10.20.8,VICTIM,SERVER
100.10.20.9,SERVER
100.10.20.10,SERVER
100.10.20.11,SERVER
100.10.20.20,SERVER
100.10.20.30,client
100.10.20.65,
100.10.20.97,
100.10.20.111,client
100.10.20.255,
100.20.1.3,SERVER
100.20.3.27,
100.20.3.30,client
100.20.3.31,client
100.20.3.36,client
100.20.3.37,client
100.20.3.38,client
100.20.3.41,client
100.20.3.44,client
100.20.3.45,client
100.20.3.47,client
100.20.3.48,client
100.20.3.49,client
100.20.3.50,client
100.20.3.51,client
100.20.3.52,client
100.20.3.54,client
100.20.3.57,client
100.20.3.58,client,SERVER
100.20.3.59,client
100.20.3.62,client
100.20.3.65,client
100.20.3.73,client
100.20.3.76,client
100.20.3.77,client
100.20.3.78,client
100.20.3.79,client
100.20.3.80,client
100.20.3.81,client
100.20.3.82,client
100.20.3.83,client
100.20.3.84,client
100.20.3.86,client
100.20.3.93,client
100.20.3.94,client
100.20.3.95,client
100.20.3.97,client
100.20.3.98,client
100.20.3.99,client
100.20.3.101,client
100.20.3.103,client
100.20.3.106,
100.20.3.119,client
100.20.3.120,client
100.20.3.121,client
100.20.3.123,
100.20.3.125,client
100.20.3.127,client
100.20.3.129,client
100.20.3.132,
100.20.3.134,client
100.20.3.136,client
100.20.3.139,client
100.20.3.141,client
100.20.3.146,client
100.20.3.148,client
100.20.3.149,client
100.20.3.151,client
100.20.3.153,client
100.20.3.155,client
100.20.3.157,client
100.20.3.158,client
100.20.3.159,client
100.20.3.161,client
100.20.3.227,
100.20.5.126,
100.20.5.146,
100.20.140.5,client
100.20.140.10,client
100.20.140.11,client
100.20.140.14,client
100.20.140.17,client
100.20.140.22,client
100.20.140.32,client
100.20.140.36,client
100.20.140.43,client
100.20.140.55,client
100.20.140.69,client
100.20.140.76,client
100.20.140.77,client
100.20.140.80,client
100.20.140.90,client
100.20.140.96,client
100.20.140.99,client
100.20.140.103,client
100.20.140.106,client
100.20.140.110,client
100.20.140.113,client
100.20.140.125,client
100.20.140.127,client
100.20.140.130,
100.20.140.132,client
100.20.140.133,client
100.20.140.143,client
100.20.140.147,client
100.20.140.150,client
100.20.140.157,client
100.20.140.158,client
100.20.140.161,client
100.20.140.165,client,SERVER
100.20.140.173,client
100.20.140.175,client
100.20.140.186,client,SERVER
100.20.140.192,client
100.20.140.205,client
100.20.140.209,
100.20.140.217,client
100.20.140.219,client
100.20.140.225,client
100.20.140.228,client
100.20.140.231,client
100.20.140.233,client
100.20.140.237,client
100.20.140.248,client
100.20.140.249,client
100.20.140.253,client
100.20.173.8,client
100.20.173.11,client
100.20.173.14,client
100.20.173.18,client
100.20.173.19,client
100.20.173.26,client
100.20.173.32,client
100.20.173.37,client
100.20.173.42,client
100.20.173.43,client
100.20.173.44,client
100.20.173.48,client
100.20.173.55,client
100.20.173.58,client
100.20.173.64,client
100.20.173.68,client
100.20.173.76,client
100.20.173.81,client
100.20.173.91,client
100.20.173.95,client
100.20.173.100,client
100.20.173.101,client
100.20.173.106,client
100.20.173.108,client
100.20.173.109,client
100.20.173.110,client
100.20.173.111,client
100.20.173.119,client
100.20.173.133,client
100.20.173.136,client
100.20.173.138,client
100.20.173.140,client
100.20.173.148,client
100.20.173.162,client
100.20.173.169,client
100.20.173.171,client
100.20.173.173,client
100.20.173.176,client
100.20.173.188,client
100.20.173.193,client
100.20.173.204,client
100.20.173.224,client
100.20.173.240,client
100.20.173.242,client
100.20.173.243,client
100.20.173.253,client
100.20.200.1,client
100.20.200.15,SERVER
100.20.200.16,client
100.20.200.46,client
100.20.200.48,client
100.20.200.51,client
100.20.200.53,client,SERVER
100.20.200.55,client
100.20.200.60,client
100.20.200.69,client
100.20.200.82,client
100.20.200.89,client
100.20.200.108,client
100.20.200.109,client
100.20.200.114,client
100.20.200.128,client
100.20.200.134,client
100.20.200.140,client
100.20.200.154,client
100.20.200.156,client
100.20.200.160,client
100.20.200.165,client
100.20.200.166,client
100.20.200.169,
100.20.200.172,client
100.20.200.175,client
100.20.200.197,client
100.20.200.199,client
100.20.200.201,client
100.20.200.210,client
100.20.200.211,client
100.20.200.218,client
100.20.200.227,client
100.20.200.228,client
100.20.200.229,client
100.20.200.239,
100.20.200.240,client
100.20.200.244,client
100.20.200.251,client
100.22.59.15,
100.25.245.156,
100.30.1.143,
100.30.1.163,
100.30.1.226,
100.30.20.13,
100.30.20.200,
100.70.60.118,SERVER
100.87.107.36,SERVER
100.123.134.170,SERVER
100.123.135.174,SERVER
100.127.75.66,SERVER
100.127.75.94,SERVER
100.127.76.206,SERVER
100.173.222.52,SERVER
100.231.147.21,SERVER
100.231.147.26,SERVER
100.242.131.11,SERVER
100.242.131.157,SERVER
101.4.205.74,SERVER
101.53.17.43,SERVER
101.93.22.238,SERVER
101.109.11.189,SERVER
101.109.11.239,SERVER
101.158.61.21,SERVER
101.158.61.229,SERVER
102.54.75.61,SERVER
102.54.75.177,SERVER
102.79.62.201,SERVER
102.82.156.69,SERVER
102.110.81.18,SERVER
102.110.81.234,SERVER
102.193.27.145,SERVER
102.198.134.234,SERVER
102.239.144.233,SERVER
103.76.58.96,SERVER
103.78.130.11,SERVER
103.110.239.10,SERVER
103.110.239.201,SERVER
103.173.241.209,SERVER
103.214.222.231,SERVER
103.229.197.152,SERVER
104.99.50.137,SERVER
104.121.225.165,SERVER
104.134.208.172,SERVER
104.170.151.91,SERVER
104.188.253.49,SERVER
104.193.245.151,SERVER
105.26.57.55,SERVER
105.26.57.227,SERVER
105.35.114.13,SERVER
105.41.188.185,SERVER
105.73.56.194,SERVER
105.73.56.217,SERVER
105.128.109.231,SERVER
105.138.118.172,SERVER
105.141.115.17,SERVER
105.186.163.134,SERVER
105.211.209.138,SERVER
105.211.209.150,SERVER
105.222.33.58,SERVER
106.24.155.203,SERVER
106.41.47.49,SERVER
106.55.166.202,SERVER
106.55.167.218,SERVER
106.62.55.66,SERVER
106.81.42.79,SERVER
106.101.228.35,SERVER
106.143.0.107,SERVER
106.143.1.12,SERVER
106.159.244.109,SERVER
106.178.52.72,SERVER
106.182.174.50,SERVER
106.184.12.74,SERVER
106.184.12.112,SERVER
107.73.53.73,SERVER
107.121.182.89,SERVER
107.176.68.49,SERVER
107.199.196.129,SERVER
107.205.244.179,SERVER
108.53.65.158,SERVER
108.73.245.65,SERVER
108.87.87.29,SERVER
108.138.50.52,SERVER
108.209.147.43,SERVER
108.229.213.62,SERVER
110.48.118.111,SERVER
110.50.187.20,SERVER
110.79.240.60,SERVER
110.99.158.235,SERVER
110.109.98.24,SERVER
110.127.10.45,SERVER
110.236.176.142,SERVER
110.236.176.204,SERVER
110.240.54.217,SERVER
110.254.117.31,SERVER
111.4.99.38,SERVER
111.4.100.55,SERVER
111.7.222.213,SERVER
111.8.23.138,SERVER
111.8.39.196,SERVER
111.25.48.160,SERVER
111.40.225.78,SERVER
111.41.58.171,SERVER
111.45.95.67,SERVER
111.67.193.77,SERVER
111.110.189.99,SERVER
111.145.63.20,SERVER
111.155.249.88,SERVER
111.168.56.56,SERVER
111.180.30.88,SERVER
111.202.180.127,SERVER
111.202.180.205,SERVER
111.220.4.21,SERVER
111.231.164.200,SERVER
112.106.236.146,SERVER
112.117.75.232,SERVER
112.160.44.110,SERVER
112.160.45.29,SERVER
112.160.45.175,SERVER
112.172.18.113,SERVER
112.200.2.62,SERVER
112.208.245.12,SERVER
112.220.136.156,SERVER
112.220.136.193,SERVER
112.224.120.38,SERVER
112.237.116.116,SERVER
113.63.55.223,SERVER
113.83.33.23,SERVER
113.83.33.123,SERVER
113.98.159.144,background scanner
113.171.41.40,SERVER
113.223.149.182,SERVER
114.6.12.183,SERVER
114.31.214.42,SERVER
114.59.162.166,SERVER
114.148.231.146,background scanner
114.212.205.36,SERVER
114.217.135.132,SERVER
115.18.124.81,SERVER
115.35.106.236,SERVER
115.36.96.197,SERVER
115.44.8.19,SERVER
115.69.49.27,SERVER
115.69.49.238,SERVER
115.99.233.170,SERVER
115.131.22.58,SERVER
115.145.245.200,SERVER
115.171.238.65,SERVER
115.178.111.166,SERVER
115.242.131.108,SERVER
116.139.49.111,SERVER
116.164.15.67,SERVER
116.164.16.28,SERVER
116.197.148.40,SERVER
116.197.148.112,SERVER
116.200.101.120,SERVER
117.63.35.204,SERVER
117.63.35.218,SERVER
117.71.55.154,SERVER
117.153.63.75,SERVER
117.244.224.125,SERVER
118.55.240.89,SERVER
118.165.82.50,SERVER
118.165.82.113,SERVER
118.173.70.221,SERVER
118.234.170.159,SERVER
119.49.189.146,SERVER
119.64.217.106,SERVER
119.89.251.217,SERVER
119.125.61.72,SERVER
119.127.187.164,SERVER
119.127.187.225,SERVER
119.240.171.209,SERVER
120.19.247.80,SERVER
120.70.200.70,SERVER
120.78.22.237,SERVER
120.97.153.70,SERVER
120.99.2.61,SERVER
120.99.2.88,SERVER
120.105.115.30,SERVER
120.105.115.194,SERVER
120.111.157.215,SERVER
120.155.34.145,SERVER
120.173.227.19,SERVER
120.192.50.121,SERVER
120.203.43.56,SERVER
120.204.213.112,SERVER
120.214.196.97,SERVER
120.220.47.164,SERVER
120.237.208.84,SERVER
121.39.41.126,SERVER
121.89.10.28,SERVER
121.101.99.124,SERVER
121.130.119.239,SERVER
121.176.208.75,SERVER
121.234.105.88,SERVER
121.236.245.129,SERVER
121.236.245.145,SERVER
122.86.231.15,SERVER
122.113.202.74,SERVER
122.136.39.192,SERVER
122.141.184.154,SERVER
122.197.207.90,SERVER
122.197.207.126,SERVER
122.209.35.139,SERVER
122.216.147.171,SERVER
122.227.244.43,SERVER
122.227.244.139,SERVER
123.11.203.77,SERVER
123.14.66.42,SERVER
123.26.41.99,SERVER
123.46.111.26,SERVER
123.46.111.56,SERVER
123.46.112.172,SERVER
123.101.80.84,SERVER
123.101.80.216,SERVER
123.151.234.31,SERVER
123.151.234.54,SERVER
123.163.90.126,SERVER
123.246.162.164,SERVER
123.246.162.209,SERVER
124.76.240.139,background scanner
124.78.60.32,SERVER
124.114.41.216,SERVER
124.115.34.180,SERVER
124.126.151.234,SERVER
124.225.4.182,SERVER
125.25.114.156,SERVER
125.25.114.196,SERVER
125.52.205.224,SERVER
125.75.59.220,SERVER
125.81.135.60,SERVER
125.86.14.151,SERVER
125.117.213.216,SERVER
125.123.213.56,SERVER
125.123.213.93,SERVER
125.123.213.131,SERVER
125.123.213.140,SERVER
125.169.10.38,SERVER
125.178.115.112,SERVER
125.205.220.223,SERVER
126.33.37.35,SERVER
126.33.37.183,SERVER
126.36.142.228,SERVER
126.79.82.69,SERVER
126.85.80.63,SERVER
126.85.80.153,SERVER
126.154.97.79,SERVER
126.167.65.39,SERVER
126.167.66.189,SERVER
126.174.154.62,SERVER
126.184.179.169,SERVER
126.186.111.48,SERVER
128.8.10.90,
128.9.0.107,
128.11.231.142,SERVER
128.63.2.53,
128.86.244.115,SERVER
128.101.45.173,SERVER
128.182.20.113,SERVER
128.182.20.234,SERVER
128.208.231.152,SERVER
128.225.105.81,SERVER
129.40.227.22,SERVER
129.40.228.57,SERVER
129.87.152.74,SERVER
129.117.18.64,SERVER
129.156.78.123,SERVER
129.156.155.43,SERVER
130.8.225.12,SERVER
130.20.20.10,SERVER
130.29.113.85,SERVER
130.40.149.53,SERVER
130.78.96.133,SERVER
130.118.162.76,SERVER
130.132.83.134,SERVER
130.141.103.168,SERVER
130.158.89.63,SERVER
130.163.81.175,SERVER
130.187.210.91,SERVER
130.187.210.169,SERVER
130.188.49.231,SERVER
130.214.85.15,SERVER
131.6.188.49,SERVER
131.6.188.136,SERVER
131.38.185.88,SERVER
131.62.29.188,SERVER
131.71.222.185,SERVER
131.101.87.198,SERVER
131.116.208.184,SERVER
131.161.195.86,SERVER
131.182.240.208,SERVER
131.182.240.218,SERVER
131.215.136.85,SERVER
131.221.227.187,SERVER
132.30.123.142,SERVER
132.45.2.148,SERVER
132.97.122.14,SERVER
132.131.101.165,SERVER
132.157.169.120,SERVER
132.157.169.140,SERVER
132.165.131.62,SERVER
132.202.54.52,SERVER
132.229.241.38,SERVER
133.83.156.229,SERVER
133.124.172.32,SERVER
133.213.102.29,SERVER
133.213.102.106,SERVER
133.213.103.84,SERVER
134.62.45.192,SERVER
134.138.227.105,SERVER
134.252.81.22,SERVER
135.52.8.239,SERVER
135.69.61.49,SERVER
135.69.61.190,SERVER
135.100.152.75,SERVER
135.100.153.168,SERVER
135.110.243.77,SERVER
135.110.243.182,SERVER
135.192.15.174,SERVER
135.211.124.162,SERVER
135.230.167.134,SERVER
136.22.157.154,SERVER
136.39.212.95,SERVER
136.65.227.51,SERVER
136.87.165.193,SERVER
136.88.96.111,SERVER
136.88.96.198,SERVER
136.88.96.231,SERVER
136.88.97.166,SERVER
136.131.213.79,SERVER
136.142.229.36,SERVER
136.142.229.149,SERVER
136.150.45.196,SERVER
136.150.45.217,SERVER
136.151.14.206,SERVER
136.189.76.63,SERVER
136.202.64.20,SERVER
136.230.49.125,SERVER
137.42.117.123,SERVER
137.42.117.194,SERVER
137.81.135.57,SERVER
137.145.51.218,SERVER
137.164.179.90,SERVER
137.204.119.68,SERVER
137.251.65.45,SERVER
138.14.84.101,SERVER
138.33.235.184,SERVER
138.70.163.85,SERVER
138.139.170.129,SERVER
138.196.95.234,SERVER
139.1.132.187,SERVER
139.1.132.229,SERVER
139.27.97.51,SERVER
139.27.97.106,SERVER
139.131.199.222,SERVER
139.212.223.203,SERVER
139.214.244.195,SERVER
140.56.20.187,SERVER
140.73.171.49,SERVER
140.126.136.81,SERVER
140.171.170.145,SERVER
140.195.177.115,SERVER
140.247.167.101,SERVER
141.6.7.30,SERVER
141.6.7.91,SERVER
141.6.7.114,SERVER
141.6.7.115,SERVER
141.56.132.205,SERVER
141.75.141.128,SERVER
141.75.142.228,SERVER
141.92.105.104,SERVER
141.124.243.226,SERVER
141.142.83.188,SERVER
141.180.37.37,SERVER
141.190.99.213,SERVER
142.84.123.181,SERVER
142.101.84.182,SERVER
142.162.196.96,SERVER
142.190.107.181,SERVER
142.228.27.105,SERVER
142.233.65.41,background scanner
142.233.65.178,background scanner
143.32.1.19,SERVER
143.40.228.124,SERVER
143.128.121.184,SERVER
143.128.207.129,SERVER
143.165.27.146,SERVER
143.227.6.171,SERVER
143.227.38.10,SERVER
143.227.38.219,SERVER
143.227.39.24,SERVER
143.227.41.145,SERVER
143.254.117.158,SERVER
144.37.211.84,SERVER
144.67.237.35,SERVER
144.73.102.72,SERVER
144.116.78.174,SERVER
144.128.74.236,SERVER
144.152.111.121,SERVER
144.241.44.239,SERVER
145.41.93.203,SERVER
145.41.94.84,SERVER
145.56.58.50,SERVER
145.80.64.152,SERVER
145.136.244.228,SERVER
145.228.250.219,SERVER
145.236.127.177,SERVER
146.17.158.113,SERVER
146.17.235.202,SERVER
146.47.203.101,SERVER
146.47.203.188,SERVER
146.58.28.11,SERVER
146.116.251.224,SERVER
146.137.224.111,SERVER
146.168.232.60,SERVER
146.168.232.138,SERVER
146.203.161.72,SERVER
146.215.139.31,SERVER
146.243.172.64,SERVER
147.1.94.101,SERVER
147.6.139.149,SERVER
147.54.69.62,SERVER
147.69.10.236,SERVER
147.69.10.239,SERVER
147.79.6.168,SERVER
147.149.202.93,SERVER
147.150.14.195,SERVER
147.177.117.15,SERVER
147.177.118.43,SERVER
147.211.139.166,SERVER
147.245.111.138,SERVER
147.245.111.177,SERVER
147.245.112.210,SERVER
148.23.116.233,SERVER
148.24.108.48,SERVER
148.74.55.146,SERVER
148.128.181.99,SERVER
148.160.201.24,SERVER
148.196.251.52,SERVER
148.205.64.199,SERVER
148.217.91.156,SERVER
148.228.46.86,SERVER
149.54.193.10,SERVER
149.94.240.240,SERVER
149.149.20.171,SERVER
149.157.0.72,SERVER
149.171.220.65,SERVER
150.38.8.181,SERVER
150.52.82.109,SERVER
150.100.180.149,SERVER
150.101.87.162,SERVER
150.106.126.236,SERVER
150.177.60.181,SERVER
150.187.73.124,SERVER
151.4.130.192,SERVER
151.6.60.118,SERVER
151.11.94.211,SERVER
151.35.118.102,SERVER
151.44.108.191,SERVER
151.76.105.236,
151.125.131.172,SERVER
151.161.27.150,SERVER
151.169.195.118,SERVER
151.196.44.171,SERVER
151.209.196.14,SERVER
151.224.114.113,SERVER
151.232.232.227,SERVER
151.247.157.14,SERVER
152.35.202.88,SERVER
152.35.202.126,SERVER
152.53.254.179,SERVER
152.81.210.164,SERVER
152.116.193.219,SERVER
152.149.201.84,SERVER
152.149.201.125,SERVER
152.149.201.145,SERVER
152.225.147.25,background scanner
152.225.147.146,background scanner
153.2.199.88,SERVER
153.69.14.99,SERVER
153.77.123.204,SERVER
153.77.123.217,SERVER
153.81.191.222,SERVER
153.102.243.26,SERVER
153.113.228.163,SERVER
153.150.94.141,SERVER
153.153.75.175,SERVER
153.174.113.79,SERVER
153.184.24.117,SERVER
153.232.42.141,SERVER
154.57.243.176,SERVER
154.61.66.79,SERVER
154.87.20.110,SERVER
154.134.64.113,SERVER
154.134.64.123,SERVER
154.139.201.125,SERVER
154.139.201.234,SERVER
154.139.202.152,SERVER
154.166.184.232,SERVER
154.187.69.79,SERVER
155.19.120.156,SERVER
155.19.120.221,SERVER
155.19.123.228,SERVER
155.50.15.33,SERVER
155.103.138.150,SERVER
155.103.138.227,SERVER
155.145.172.98,SERVER
155.145.172.148,SERVER
155.147.137.194,SERVER
155.208.127.65,SERVER
155.213.28.136,SERVER
155.230.192.95,SERVER
155.239.17.46,SERVER
155.239.17.72,SERVER
155.244.76.110,SERVER
156.65.127.110,SERVER
156.113.111.50,SERVER
156.113.111.177,SERVER
156.116.86.20,SERVER
156.148.131.84,SERVER
156.163.129.231,SERVER
156.207.7.105,SERVER
156.252.48.199,SERVER
157.35.5.83,SERVER
157.35.5.205,SERVER
157.35.164.194,SERVER
157.65.38.10,SERVER
157.75.63.82,SERVER
157.181.196.55,SERVER
157.189.226.71,SERVER
157.191.108.215,SERVER
157.224.188.110,SERVER
157.245.171.64,SERVER
158.29.246.91,SERVER
158.35.19.181,SERVER
158.124.17.194,SERVER
158.140.218.177,SERVER
158.141.94.199,SERVER
158.149.242.209,SERVER
158.156.254.205,SERVER
158.156.254.215,SERVER
158.177.138.222,SERVER
158.191.95.208,SERVER
158.233.218.132,SERVER
159.66.37.196,SERVER
159.69.191.33,SERVER
159.74.41.187,SERVER
159.82.15.64,SERVER
159.83.40.142,SERVER
159.83.41.78,SERVER
159.181.6.29,SERVER
159.240.20.44,SERVER
160.16.10.95,SERVER
160.20.1.48,SERVER
160.21.150.238,SERVER
160.27.211.146,SERVER
160.76.96.37,SERVER
160.100.45.153,SERVER
160.114.96.128,SERVER
160.176.239.188,SERVER
160.231.50.110,SERVER
160.245.137.66,SERVER
161.99.115.65,SERVER
161.156.110.144,SERVER
161.202.153.69,SERVER
161.213.204.144,SERVER
161.251.106.149,SERVER
162.156.232.33,SERVER
162.160.117.174,SERVER
162.177.53.213,SERVER
162.177.53.222,SERVER
162.180.254.183,SERVER
162.233.115.173,SERVER
162.239.190.38,SERVER
163.40.212.169,SERVER
163.40.212.222,SERVER
163.91.4.153,SERVER
163.134.73.22,SERVER
163.143.32.227,SERVER
163.167.220.96,SERVER
163.191.120.92,SERVER
163.191.120.131,SERVER
163.191.120.233,SERVER
164.2.96.40,SERVER
164.49.22.218,SERVER
164.76.49.103,SERVER
164.139.151.209,SERVER
164.185.123.182,SERVER
164.203.227.124,SERVER
164.233.23.106,SERVER
165.41.113.47,SERVER
165.53.206.232,SERVER
165.58.40.150,SERVER
165.118.228.219,SERVER
165.195.28.162,SERVER
165.196.156.28,SERVER
165.196.157.78,SERVER
165.213.30.60,SERVER
165.214.20.88,SERVER
165.214.20.161,SERVER
165.233.250.11,SERVER
165.242.74.75,SERVER
165.244.119.66,SERVER
165.247.125.140,SERVER
165.247.246.97,
165.251.20.178,SERVER
166.2.28.59,SERVER
166.2.28.105,SERVER
166.21.79.120,SERVER
166.102.244.92,SERVER
166.128.182.88,SERVER
166.131.83.108,SERVER
166.141.91.20,SERVER
166.163.24.74,SERVER
166.177.104.178,SERVER
166.247.152.75,SERVER
166.247.154.149,SERVER
167.18.224.173,SERVER
167.54.149.108,SERVER
167.54.149.208,SERVER
167.69.98.106,SERVER
167.69.98.123,SERVER
167.91.203.229,SERVER
167.97.224.199,SERVER
167.97.224.200,SERVER
167.116.37.197,SERVER
167.203.11.158,SERVER
167.203.12.64,SERVER
168.19.158.67,SERVER
168.19.158.180,SERVER
168.28.39.42,SERVER
168.32.55.19,SERVER
168.32.55.202,SERVER
168.32.56.87,SERVER
168.34.251.136,SERVER
168.53.192.16,SERVER
168.70.168.50,SERVER
168.70.168.233,SERVER
168.70.169.150,SERVER
168.94.116.193,SERVER
168.130.214.206,SERVER
168.133.41.31,SERVER
168.141.112.183,SERVER
168.146.124.131,SERVER
168.228.136.108,SERVER
169.70.246.209,SERVER
169.98.76.85,SERVER
169.100.25.163,SERVER
169.147.161.224,SERVER
169.171.68.68,SERVER
170.245.241.86,SERVER
170.245.241.145,SERVER
170.245.242.197,SERVER
171.1.170.191,SERVER
171.93.225.179,SERVER
171.101.218.151,SERVER
171.102.245.182,SERVER
171.142.133.184,SERVER
171.217.205.190,SERVER
172.5.140.234,SERVER
172.32.35.86,SERVER
172.51.192.90,SERVER
172.129.119.10,SERVER
172.129.119.90,SERVER
172.129.119.143,SERVER
172.129.119.186,SERVER
172.169.131.39,SERVER
172.175.3.35,SERVER
172.187.73.72,SERVER
172.187.74.137,SERVER
172.248.235.172,SERVER
173.6.48.101,SERVER
173.6.48.116,SERVER
173.6.48.139,SERVER
173.21.130.14,SERVER
173.45.8.116,SERVER
173.80.8.152,SERVER
173.128.118.67,SERVER
173.140.240.214,SERVER
173.143.33.167,SERVER
173.178.89.134,SERVER
173.178.89.227,SERVER
173.195.209.109,SERVER
173.195.209.219,SERVER
173.208.90.226,SERVER
173.224.216.64,SERVER
173.226.158.176,SERVER
173.230.33.46,SERVER
174.25.171.138,SERVER
174.25.171.173,SERVER
174.67.189.240,SERVER
174.116.145.13,SERVER
174.119.62.43,SERVER
174.125.108.71,SERVER
174.129.141.106,SERVER
174.139.179.109,SERVER
174.154.225.39,SERVER
174.158.211.81,SERVER
174.246.37.160,SERVER
175.8.154.91,SERVER
175.8.155.203,SERVER
175.134.72.215,SERVER
175.155.175.130,SERVER
175.162.5.60,SERVER
175.162.5.238,SERVER
175.162.248.125,SERVER
175.171.91.32,SERVER
176.2.10.164,SERVER
176.9.173.232,SERVER
176.44.214.233,SERVER
176.97.97.160,SERVER
176.115.207.221,SERVER
176.189.132.46,SERVER
176.191.126.32,SERVER
176.198.65.166,SERVER
176.239.178.84,SERVER
176.240.121.51,SERVER
176.240.122.203,SERVER
176.247.46.170,SERVER
177.2.144.143,SERVER
177.39.92.172,SERVER
177.58.32.219,SERVER
177.58.33.220,SERVER
177.95.221.129,SERVER
177.95.221.137,SERVER
177.95.221.159,SERVER
177.126.133.97,SERVER
177.128.182.214,SERVER
177.136.167.152,SERVER
177.149.222.196,SERVER
177.149.222.199,SERVER
177.182.57.189,SERVER
177.187.163.179,SERVER
177.213.33.178,SERVER
177.215.132.113,SERVER
177.215.132.189,SERVER
178.56.19.61,SERVER
178.101.23.92,SERVER
178.101.23.227,SERVER
178.102.75.10,SERVER
178.152.83.69,SERVER
178.157.63.14,SERVER
178.182.97.167,SERVER
178.182.231.91,SERVER
178.182.231.147,SERVER
178.211.211.25,SERVER
178.215.92.156,SERVER
178.227.91.73,SERVER
178.241.41.110,SERVER
179.79.248.83,SERVER
179.85.155.69,SERVER
179.85.155.123,SERVER
179.92.137.159,SERVER
179.94.48.98,SERVER
179.181.206.99,SERVER
179.220.101.122,SERVER
180.18.124.168,SERVER
180.33.35.162,SERVER
180.67.45.28,SERVER
180.81.67.167,SERVER
180.109.160.42,SERVER
180.109.160.83,SERVER
180.143.9.209,SERVER
180.144.163.205,SERVER
180.210.23.11,SERVER
180.213.49.111,SERVER
180.213.50.186,SERVER
180.217.101.181,SERVER
180.236.157.58,SERVER
180.236.157.191,SERVER
180.236.157.216,SERVER
181.4.94.109,SERVER
181.4.252.125,SERVER
181.4.252.152,SERVER
181.6.44.232,SERVER
181.82.243.39,SERVER
181.82.243.56,SERVER
181.146.200.30,SERVER
181.232.185.113,SERVER
181.250.130.238,SERVER
182.7.142.96,SERVER
182.54.60.26,SERVER
182.54.60.100,SERVER
182.79.250.122,SERVER
182.101.43.76,SERVER
182.101.43.136,SERVER
182.129.222.194,SERVER
182.187.179.98,SERVER
183.20.59.184,SERVER
183.79.177.138,SERVER
183.121.2.195,
183.144.71.69,SERVER
183.144.71.173,SERVER
183.188.233.66,SERVER
184.12.70.221,SERVER
184.12.71.94,SERVER
184.12.71.108,SERVER
184.12.71.174,SERVER
184.12.72.65,SERVER
184.101.234.147,SERVER
184.242.225.78,SERVER
185.9.28.201,SERVER
185.66.220.22,SERVER
185.69.170.87,SERVER
185.70.241.100,SERVER
185.78.156.191,SERVER
185.78.156.201,SERVER
185.78.158.195,SERVER
185.88.33.124,SERVER
185.122.193.237,SERVER
185.132.28.66,SERVER
185.132.29.207,SERVER
185.143.221.57,SERVER
185.143.221.198,SERVER
185.147.133.186,SERVER
185.149.73.133,SERVER
185.160.121.101,SERVER
185.193.184.70,SERVER
185.204.222.191,SERVER
185.220.102.200,SERVER
185.232.68.104,SERVER
185.238.181.205,SERVER
186.36.159.190,SERVER
186.96.16.45,SERVER
186.101.226.25,SERVER
186.101.226.216,SERVER
186.104.228.60,SERVER
186.189.43.61,SERVER
186.221.220.58,SERVER
186.221.220.111,SERVER
186.229.197.54,SERVER
186.229.197.152,SERVER
186.229.197.153,SERVER
186.254.101.165,SERVER
187.91.19.188,background scanner
187.115.19.178,SERVER
187.169.182.23,SERVER
187.191.139.92,SERVER
187.215.1.122,SERVER
187.220.185.112,SERVER
187.220.185.225,SERVER
188.15.142.213,SERVER
188.18.57.193,SERVER
188.18.57.198,SERVER
188.35.215.60,SERVER
188.96.9.181,SERVER
188.106.236.61,SERVER
188.175.95.63,SERVER
188.200.13.39,SERVER
188.211.161.25,SERVER
188.253.167.238,SERVER
189.11.79.63,SERVER
189.14.188.110,SERVER
189.19.90.201,SERVER
189.23.254.32,SERVER
189.153.8.149,SERVER
189.175.111.114,SERVER
189.193.125.171,SERVER
190.34.194.234,SERVER
190.66.7.44,SERVER
190.130.43.153,SERVER
190.174.13.113,SERVER
190.207.159.219,SERVER
191.88.74.133,SERVER
191.88.74.161,SERVER
191.109.155.128,SERVER
191.109.155.205,SERVER
191.177.112.64,SERVER
191.194.40.201,SERVER
191.210.173.220,SERVER
191.230.99.205,SERVER
191.244.251.43,SERVER
192.2.169.152,SERVER
192.2.169.204,SERVER
192.5.5.241,
192.10.140.215,SERVER
192.10.140.216,SERVER
192.33.4.12,
192.36.148.17,
192.112.36.4,
192.141.22.112,SERVER
192.168.222.2,
192.168.222.4,
192.203.230.10,
192.213.16.203,SERVER
192.252.94.148,SERVER
193.0.14.129,
193.87.233.180,SERVER
193.87.234.154,SERVER
193.128.29.76,SERVER
193.149.180.131,SERVER
193.185.8.92,SERVER
193.193.141.21,SERVER
193.193.141.56,SERVER
193.214.89.171,SERVER
193.237.250.18,SERVER
194.1.58.77,SERVER
194.38.150.146,SERVER
194.50.172.15,SERVER
194.50.173.193,SERVER
194.115.49.204,SERVER
194.154.247.207,SERVER
194.156.85.97,SERVER
194.168.211.23,SERVER
194.168.211.55,SERVER
194.169.175.111,SERVER
194.174.66.27,SERVER
194.226.199.78,SERVER
194.226.199.175,SERVER
194.226.199.192,SERVER
195.27.84.149,SERVER
195.31.120.219,SERVER
195.32.249.103,SERVER
195.32.249.127,SERVER
195.70.204.133,SERVER
195.76.185.103,SERVER
195.128.114.102,SERVER
195.128.114.109,SERVER
195.141.38.153,SERVER
195.162.2.213,SERVER
195.162.192.175,SERVER
195.237.113.179,SERVER
195.238.239.177,SERVER
195.243.127.85,SERVER
196.5.106.180,SERVER
196.60.14.58,SERVER
196.83.204.64,SERVER
196.83.204.87,SERVER
196.83.204.194,SERVER
196.83.204.250,SERVER
196.90.89.179,SERVER
196.92.210.53,SERVER
196.131.161.49,SERVER
196.131.162.129,SERVER
196.147.192.215,SERVER
196.147.192.253,SERVER
196.200.68.13,SERVER
196.213.169.163,SERVER
196.227.224.207,SERVER
196.236.239.144,SERVER
197.36.125.45,SERVER
197.47.37.83,SERVER
197.70.153.34,SERVER
197.96.126.197,SERVER
197.142.135.21,SERVER
197.149.193.89,SERVER
197.225.150.60,SERVER
197.227.141.171,SERVER
197.227.142.157,SERVER
197.228.139.186,SERVER
198.23.240.218,SERVER
198.32.64.12,
198.34.125.223,SERVER
198.34.126.79,SERVER
198.41.0.4,
198.41.0.10,
198.142.80.42,SERVER
198.142.80.80,SERVER
198.192.89.111,SERVER
198.199.110.153,SERVER
198.246.139.128,SERVER
199.38.174.179,SERVER
199.56.88.42,SERVER
199.86.248.166,SERVER
199.104.35.176,SERVER
199.116.88.234,SERVER
199.116.140.161,SERVER
199.122.23.49,SERVER
199.155.230.55,SERVER
199.155.230.196,SERVER
199.155.231.71,SERVER
199.196.109.53,SERVER
199.210.119.121,SERVER
199.245.111.151,SERVER
200.2.177.79,SERVER
200.2.178.44,SERVER
200.9.200.39,SERVER
200.14.61.224,SERVER
200.14.61.226,SERVER
200.15.221.68,SERVER
200.15.221.70,SERVER
200.20.123.30,SERVER
200.26.210.112,SERVER
200.62.177.174,SERVER
200.73.202.240,SERVER
200.76.219.38,SERVER
200.76.219.101,SERVER
200.103.120.78,SERVER
200.107.131.23,SERVER
200.107.132.190,SERVER
200.172.69.22,SERVER
200.183.225.236,SERVER
200.183.226.212,SERVER
200.247.211.68,SERVER
201.7.226.84,SERVER
201.17.125.45,SERVER
201.41.127.108,SERVER
201.66.9.75,SERVER
201.73.183.197,SERVER
201.79.193.102,SERVER
201.89.13.125,SERVER
201.90.133.18,SERVER
201.90.133.221,SERVER
201.117.208.29,SERVER
201.162.164.163,SERVER
201.163.113.141,SERVER
201.175.173.148,SERVER
201.196.147.179,SERVER
201.196.147.189,SERVER
202.12.27.33,
202.55.141.97,SERVER
202.83.221.169,SERVER
202.106.74.30,SERVER
202.123.201.29,SERVER
202.125.79.209,SERVER
202.235.49.200,SERVER
202.248.242.122,SERVER
203.13.179.171,SERVER
203.20.44.116,SERVER
203.20.44.168,SERVER
203.25.189.106,SERVER
203.25.189.224,SERVER
203.25.190.30,SERVER
203.28.215.128,SERVER
203.44.12.65,SERVER
203.63.130.9,SERVER
203.108.190.19,SERVER
203.142.192.107,SERVER
203.142.192.175,SERVER
203.226.6.172,SERVER
203.231.97.91,SERVER
203.234.32.188,SERVER
203.242.206.80,SERVER
203.242.206.127,SERVER
203.248.218.76,SERVER
204.20.192.79,SERVER
204.71.40.100,SERVER
204.71.40.146,SERVER
204.82.239.31,SERVER
204.82.239.155,SERVER
204.134.39.41,SERVER
204.160.6.24,SERVER
204.160.6.176,SERVER
204.160.6.213,SERVER
204.160.6.217,SERVER
204.169.57.221,SERVER
204.195.57.97,SERVER
204.205.60.33,SERVER
204.229.214.44,SERVER
204.229.214.175,SERVER
205.9.3.59,SERVER
205.9.111.172,SERVER
205.9.111.198,SERVER
205.35.207.140,SERVER
205.37.22.76,SERVER
205.65.23.41,SERVER
205.102.39.39,SERVER
205.112.162.161,SERVER
205.182.105.139,SERVER
205.198.240.22,SERVER
205.206.189.91,SERVER
205.230.24.158,SERVER
205.230.24.163,SERVER
206.35.25.168,SERVER
206.43.137.147,SERVER
206.101.7.95,SERVER
206.101.7.128,SERVER
206.109.2.146,SERVER
206.145.1.196,SERVER
206.186.192.120,SERVER
206.235.110.139,SERVER
206.250.28.121,SERVER
207.9.94.130,SERVER
207.9.95.236,SERVER
207.9.96.112,ATTACKER
207.58.225.154,SERVER
207.67.116.58,SERVER
207.77.242.155,SERVER
207.92.24.23,SERVER
207.189.50.11,SERVER
207.189.50.120,SERVER
207.198.161.159,SERVER
208.6.118.92,SERVER
208.63.136.211,SERVER
208.169.109.62,SERVER
208.195.235.182,SERVER
208.230.11.142,SERVER
209.5.195.28,SERVER
209.9.77.77,SERVER
209.9.77.100,SERVER
209.88.247.117,SERVER
209.98.234.58,SERVER
209.118.54.155,SERVER
209.178.136.45,SERVER
209.197.161.141,SERVER
209.232.66.204,SERVER
210.16.114.17,SERVER
210.16.115.76,SERVER
210.16.250.116,SERVER
210.29.160.105,SERVER
210.70.111.94,SERVER
210.110.156.61,SERVER
210.110.156.230,SERVER
210.209.202.41,SERVER
210.209.202.88,SERVER
210.217.10.177,SERVER
210.217.10.207,SERVER
210.221.58.34,SERVER
210.244.182.70,SERVER
210.244.182.152,SERVER
210.250.67.185,SERVER
211.44.230.166,SERVER
211.99.202.24,SERVER
211.156.223.160,SERVER
211.156.223.208,SERVER
211.169.90.93,SERVER
211.170.115.135,SERVER
211.174.228.62,SERVER
211.188.217.54,SERVER
211.215.234.41,SERVER
211.217.64.194,SERVER
211.226.86.235,SERVER
212.26.170.24,SERVER
212.26.170.219,SERVER
212.52.148.158,SERVER
212.78.132.236,SERVER
212.86.197.192,SERVER
212.93.246.223,SERVER
212.128.38.230,SERVER
212.164.188.64,SERVER
212.164.188.130,SERVER
212.167.170.215,SERVER
212.200.94.56,background scanner
212.240.196.76,SERVER
213.8.213.57,SERVER
213.40.90.238,SERVER
213.68.138.43,SERVER
213.68.138.119,SERVER
213.157.162.74,SERVER
213.164.190.209,SERVER
213.206.70.154,SERVER
213.207.85.238,SERVER
214.3.86.32,SERVER
214.69.72.161,background scanner
214.78.106.80,SERVER
214.78.106.91,SERVER
214.99.118.150,SERVER
214.131.239.223,SERVER
214.131.240.125,SERVER
214.131.240.130,SERVER
214.177.170.147,SERVER
215.89.22.33,SERVER
215.96.167.67,SERVER
215.139.84.202,SERVER
215.190.97.218,SERVER
215.208.61.57,SERVER
215.208.61.102,SERVER
216.31.193.221,SERVER
216.31.194.208,SERVER
216.163.215.80,SERVER
216.186.207.72,SERVER
216.198.106.123,SERVER
216.209.124.213,SERVER
216.240.239.105,SERVER
217.154.162.129,SERVER
217.154.163.233,SERVER
217.184.1.81,SERVER
220.66.53.26,SERVER
220.66.53.202,SERVER
221.44.19.9,SERVER
221.44.19.141,SERVER
224.0.1.24,
